group_id,group_label,distributor_id,distributor_label,ano,qtd_serv_realizado,qtd_fora_prazo,compensacao_rs,exposicao_uc_mes,taxa_fora_prazo,fora_prazo_por_100k_uc_mes,compensacao_rs_por_uc_mes,escopo_servico
amazonas,Grupo Amazonas,amazonas_energia,AMAZONAS ENERGIA S.A.,2023,416369,3580,1277810.6300000001,13915502,0.008598142513011294,25.72670393062356,0.0918264127302055,sem_cod_69_93
amazonas,Grupo Amazonas,amazonas_energia,AMAZONAS ENERGIA S.A.,2024,623391,2277,490550.44,14152589,0.003652603261837274,16.08892902916915,0.03466153366002503,sem_cod_69_93
amazonas,Grupo Amazonas,amazonas_energia,AMAZONAS ENERGIA S.A.,2025,466715,2102,505310.31,14296378,0.004503819247292245,14.703024780122629,0.03534533781913153,sem_cod_69_93
ampla,Grupo Ampla,enel_rj,AMPLA ENERGIA E SERVIÇOS S.A.,2023,1351571,18180,4838734.66,36882915,0.013451013672237715,49.291114869852336,0.13119176344928268,sem_cod_69_93
ampla,Grupo Ampla,enel_rj,AMPLA ENERGIA E SERVIÇOS S.A.,2024,1270400,7548,6720714.72,37088539,0.005941435768261965,20.35130043812187,0.18120731905886073,sem_cod_69_93
ampla,Grupo Ampla,enel_rj,AMPLA ENERGIA E SERVIÇOS S.A.,2025,1148737,8854,9368333.7757,37380032,0.007707595385192607,23.686443072065856,0.25062401700726206,sem_cod_69_93
celesc,Grupo Celesc,celesc_dis,CELESC DISTRIBUIÇÃO S.A.,2023,1292480,10467,3714749.3,40436408,0.008098384501114136,25.885088507366927,0.09186645114472086,sem_cod_69_93
celesc,Grupo Celesc,celesc_dis,CELESC DISTRIBUIÇÃO S.A.,2024,1814373,113612,2159009.16,41391177,0.06261777484563538,274.48361760768483,0.05216109607127142,sem_cod_69_93
celesc,Grupo Celesc,celesc_dis,CELESC DISTRIBUIÇÃO S.A.,2025,2165838,390378,19333108.65,42541803,0.18024339770564557,917.633885898066,0.4544496774149417,sem_cod_69_93
cemig,Grupo Cemig,cemig_d,CEMIG DISTRIBUIÇÃO S.A.,2023,2967533,104868,80661682.4,124046670,0.03533844442504936,84.53914966036574,0.6502527024707717,sem_cod_69_93
cemig,Grupo Cemig,cemig_d,CEMIG DISTRIBUIÇÃO S.A.,2024,3374524,56430,34217252.019999996,125723050,0.016722358471891147,44.88437084528255,0.27216371238209697,sem_cod_69_93
cemig,Grupo Cemig,cemig_d,CEMIG DISTRIBUIÇÃO S.A.,2025,4156217,48800,41176810.18,128137826,0.011741446608779089,38.0839924660498,0.321347813252271,sem_cod_69_93
centrais,Grupo Centrais,eletrocar,CENTRAIS ELÉTRICAS DE CARAZINHO S.A.,2023,25017,444,0.0,478112,0.01774793140664348,92.86527006224483,0.0,sem_cod_69_93
centrais,Grupo Centrais,eletrocar,CENTRAIS ELÉTRICAS DE CARAZINHO S.A.,2024,15714,330,0.0,495803,0.021000381825124093,66.55869367470547,0.0,sem_cod_69_93
centrais,Grupo Centrais,eletrocar,CENTRAIS ELÉTRICAS DE CARAZINHO S.A.,2025,20262,261,25646.739999999998,485011,0.012881255552265325,53.81321248384057,0.05287867697846028,sem_cod_69_93
companhia,Grupo Companhia,cocel,COMPANHIA CAMPOLARGUENSE DE ENERGIA,2023,45094,149,16286.77,708079,0.0033042089856743693,21.042849738517877,0.02300134589502019,sem_cod_69_93
companhia,Grupo Companhia,cocel,COMPANHIA CAMPOLARGUENSE DE ENERGIA,2024,72905,116,26393.0,709049,0.0015911117207324601,16.35994127345219,0.037223097416398586,sem_cod_69_93
companhia,Grupo Companhia,cocel,COMPANHIA CAMPOLARGUENSE DE ENERGIA,2025,50053,71,16452.68,599462,0.0014184963938225481,11.843953411559031,0.027445743016237895,sem_cod_69_93
companhia,Grupo Companhia,cea_equatorial,COMPANHIA DE ELETRICIDADE DO AMAPA,2023,184545,2159,612199.97,2784621,0.011699043593703433,77.53299282020785,0.219850374611123,sem_cod_69_93
companhia,Grupo Companhia,cea_equatorial,COMPANHIA DE ELETRICIDADE DO AMAPA,2024,196703,2224,255184.14,2771699,0.011306385769408702,80.23959311599131,0.09206776782038743,sem_cod_69_93
companhia,Grupo Companhia,cea_equatorial,COMPANHIA DE ELETRICIDADE DO AMAPA,2025,154989,2057,1700435.33,3226577,0.013271909619392343,63.751771614314485,0.5270090656444896,sem_cod_69_93
companhia,Grupo Companhia,neoenergia_coelba,COMPANHIA DE ELETRICIDADE DO ESTADO DA BAHIA,2023,1923938,35045,19076328.16,79410938,0.018215243942372363,44.131200162879324,0.24022292949114893,sem_cod_69_93
companhia,Grupo Companhia,neoenergia_coelba,COMPANHIA DE ELETRICIDADE DO ESTADO DA BAHIA,2024,1954155,28702,41095381.8,81153562,0.014687678305968564,35.367517201524684,0.5063903639867342,sem_cod_69_93
companhia,Grupo Companhia,neoenergia_coelba,COMPANHIA DE ELETRICIDADE DO ESTADO DA BAHIA,2025,2083406,23680,35872530.09,83475206,0.011366003553796043,28.367704776913037,0.42973874290289266,sem_cod_69_93
companhia,Grupo Companhia,neoenergia_pernambuco,COMPANHIA ENERGÉTICA DE PERNAMBUCO,2023,1165310,20333,10499861.71,48212294,0.01744857591542165,42.17389033593797,0.21778390611324158,sem_cod_69_93
companhia,Grupo Companhia,neoenergia_pernambuco,COMPANHIA ENERGÉTICA DE PERNAMBUCO,2024,1331921,10914,11363770.79,49203835,0.008194179684831158,22.18119786801171,0.2309529488910773,sem_cod_69_93
companhia,Grupo Companhia,neoenergia_pernambuco,COMPANHIA ENERGÉTICA DE PERNAMBUCO,2025,1464831,8895,6894282.01,50212957,0.00607237285393332,17.714551246205236,0.13730085662949504,sem_cod_69_93
companhia,Grupo Companhia,enel_ce,COMPANHIA ENERGÉTICA DO CEARÁ,2023,1292523,33521,9778555.31,49848210,0.02593454816664771,67.24614584957013,0.1961666288518685,sem_cod_69_93
companhia,Grupo Companhia,enel_ce,COMPANHIA ENERGÉTICA DO CEARÁ,2024,1688033,20887,28293517.22,50609559,0.012373573265451564,41.270859522802795,0.5590548066225987,sem_cod_69_93
companhia,Grupo Companhia,enel_ce,COMPANHIA ENERGÉTICA DO CEARÁ,2025,1873074,27863,20044878.964080002,51563889,0.014875546828368768,54.035877705035006,0.388738695874549,sem_cod_69_93
companhia,Grupo Companhia,neoenergia_cosern,COMPANHIA ENERGÉTICA DO RIO GRANDE DO NORTE,2023,385624,6830,1865132.675445803,18915549,0.017711553222828455,36.10786025824574,0.09860314788885076,sem_cod_69_93
companhia,Grupo Companhia,neoenergia_cosern,COMPANHIA ENERGÉTICA DO RIO GRANDE DO NORTE,2024,447368,3871,3086162.50221806,19262018,0.00865283167325334,20.09654440152636,0.1602201027025341,sem_cod_69_93
companhia,Grupo Companhia,neoenergia_cosern,COMPANHIA ENERGÉTICA DO RIO GRANDE DO NORTE,2025,641164,1833,1180503.13773975,19613957,0.002858862943022378,9.345386043214024,0.060186893330078685,sem_cod_69_93
companhia,Grupo Companhia,ceee_equatorial,COMPANHIA ESTADUAL DE DISTRIBUIÇÃO DE ENERGIA ELÉTRICA,2023,1573175,6950,4087373.61,22828944,0.004417817471037869,30.44380852657924,0.1790434813804791,sem_cod_69_93
companhia,Grupo Companhia,ceee_equatorial,COMPANHIA ESTADUAL DE DISTRIBUIÇÃO DE ENERGIA ELÉTRICA,2024,1345929,15556,4958103.84,23384957,0.011557816199814403,66.52139663972869,0.21202108004731418,sem_cod_69_93
companhia,Grupo Companhia,ceee_equatorial,COMPANHIA ESTADUAL DE DISTRIBUIÇÃO DE ENERGIA ELÉTRICA,2025,1435241,6917,5279667.0600000005,23839367,0.0048193996687664305,29.01503215248962,0.22146842489567783,sem_cod_69_93
companhia,Grupo Companhia,chesp,COMPANHIA HIDROELÉTRICA SÃO PATRÍCIO,2023,6116,14,0.0,482498,0.002289077828646174,2.9015664313634457,0.0,sem_cod_69_93
companhia,Grupo Companhia,chesp,COMPANHIA HIDROELÉTRICA SÃO PATRÍCIO,2024,7895,69,0.0,487441,0.008739708676377455,14.155559339489292,0.0,sem_cod_69_93
companhia,Grupo Companhia,chesp,COMPANHIA HIDROELÉTRICA SÃO PATRÍCIO,2025,17065,307,309.82,467262,0.017990038089657195,65.70189743655594,0.0006630541323711322,sem_cod_69_93
companhia,Grupo Companhia,cpfl_santa_cruz,COMPANHIA JAGUARI DE ENERGIA - CPFL SANTA CRUZ,2023,288405,1008,266450.6679,6005115,0.003495085036667187,16.78569019910526,0.04437061869756033,sem_cod_69_93
companhia,Grupo Companhia,cpfl_santa_cruz,COMPANHIA JAGUARI DE ENERGIA - CPFL SANTA CRUZ,2024,299189,1060,453183.6212,6110374,0.003542911002744085,17.34754697502968,0.07416626563284015,sem_cod_69_93
companhia,Grupo Companhia,cpfl_santa_cruz,COMPANHIA JAGUARI DE ENERGIA - CPFL SANTA CRUZ,2025,625746,1314,744668.0406,6241264,0.002099893567038383,21.05342763901671,0.11931365835510242,sem_cod_69_93
companhia,Grupo Companhia,cpfl_paulista,COMPANHIA PAULISTA DE FORÇA E LUZ,2023,3328209,12046,4880160.5992,58938754,0.0036193640483515306,20.438165353817965,0.08280053900019671,sem_cod_69_93
companhia,Grupo Companhia,cpfl_paulista,COMPANHIA PAULISTA DE FORÇA E LUZ,2024,3637004,11109,5051511.8375,60020090,0.0030544371136242907,18.508802635917405,0.08416368315175803,sem_cod_69_93
companhia,Grupo Companhia,cpfl_paulista,COMPANHIA PAULISTA DE FORÇA E LUZ,2025,7581556,20407,7569394.462400001,61226839,0.002691663822043918,33.330154444197255,0.12362869921146837,sem_cod_69_93
companhia,Grupo Companhia,cpfl_piratininga,COMPANHIA PIRATININGA DE FORÇA E LUZ,2023,1299460,5567,1828435.3625999999,23086076,0.004284087236236591,24.114102370623748,0.07920078590229018,sem_cod_69_93
companhia,Grupo Companhia,cpfl_piratininga,COMPANHIA PIRATININGA DE FORÇA E LUZ,2024,1384539,3242,1531888.343,23534373,0.0023415736212558835,13.775595381274869,0.065091529865699,sem_cod_69_93
companhia,Grupo Companhia,cpfl_piratininga,COMPANHIA PIRATININGA DE FORÇA E LUZ,2025,2017905,4766,1676451.0804,23980216,0.002361855488737081,19.87471672482016,0.06990975729326208,sem_cod_69_93
companhia,Grupo Companhia,sulgipe,COMPANHIA SUL SERGIPANA DE ELETRICIDADE,2023,54059,81,67356.92,1995272,0.0014983628997946687,4.059596887040965,0.033758264537366335,sem_cod_69_93
companhia,Grupo Companhia,sulgipe,COMPANHIA SUL SERGIPANA DE ELETRICIDADE,2024,47550,29,5182.74,2054952,0.0006098843322818086,1.4112251770357653,0.002522073508286325,sem_cod_69_93
companhia,Grupo Companhia,sulgipe,COMPANHIA SUL SERGIPANA DE ELETRICIDADE,2025,45498,73,18621.35,1920563,0.0016044661303793574,3.800968778425909,0.009695776707142644,sem_cod_69_93
cooperativa,Grupo Cooperativa,cooperalianca,COOPERATIVA ALIANÇA,2023,17802,36,433.2,526674,0.0020222446916076846,6.835347862244956,0.0008225201927568097,sem_cod_69_93
cooperativa,Grupo Cooperativa,cooperalianca,COOPERATIVA ALIANÇA,2024,18468,34,9628.67,540415,0.0018410223088585662,6.29146119186181,0.017817177539483545,sem_cod_69_93
cooperativa,Grupo Cooperativa,cooperalianca,COOPERATIVA ALIANÇA,2025,29148,37,5997.71,505321,0.0012693838342253327,7.322078441228447,0.011869108942632505,sem_cod_69_93
cooperativa,Grupo Cooperativa,creluz_d,COOPERATIVA DE DISTRIBUIÇÃO DE ENERGIA,2023,6281,19,668.0500000000001,303195,0.0030249960197420793,6.266594106103332,0.0022033674697801747,sem_cod_69_93
cooperativa,Grupo Cooperativa,creluz_d,COOPERATIVA DE DISTRIBUIÇÃO DE ENERGIA,2024,5683,26,16239.5,305895,0.004575048389934893,8.499648572222494,0.05308847807254123,sem_cod_69_93
cooperativa,Grupo Cooperativa,creluz_d,COOPERATIVA DE DISTRIBUIÇÃO DE ENERGIA,2025,7898,17,4622.89,309903,0.0021524436566219295,5.485587425742894,0.014917216032113274,sem_cod_69_93
cooperativa,Grupo Cooperativa,ceral_anitapolis,COOPERATIVA DE DISTRIBUIÇÃO DE ENERGIA ELÉTRICA DE ANITÁPOLIS,2023,737,8,0.0,46365,0.010854816824966078,17.254394478593767,0.0,sem_cod_69_93
cooperativa,Grupo Cooperativa,ceral_anitapolis,COOPERATIVA DE DISTRIBUIÇÃO DE ENERGIA ELÉTRICA DE ANITÁPOLIS,2024,520,3,0.0,48629,0.0057692307692307696,6.169158321166382,0.0,sem_cod_69_93
cooperativa,Grupo Cooperativa,ceral_anitapolis,COOPERATIVA DE DISTRIBUIÇÃO DE ENERGIA ELÉTRICA DE ANITÁPOLIS,2025,894,26,0.0,49556,0.029082774049217,52.46589716684156,0.0,sem_cod_69_93
cooperativa,Grupo Cooperativa,castro_dis,COOPERATIVA DE DISTRIBUIÇÃO DE ENERGIA ELÉTRICA DE CASTRO,2023,1063,11,0.0,27930,0.010348071495766699,39.38417472252059,0.0,sem_cod_69_93
cooperativa,Grupo Cooperativa,castro_dis,COOPERATIVA DE DISTRIBUIÇÃO DE ENERGIA ELÉTRICA DE CASTRO,2024,599,6,0.0,26107,0.01001669449081803,22.982341900639675,0.0,sem_cod_69_93
cooperativa,Grupo Cooperativa,castro_dis,COOPERATIVA DE DISTRIBUIÇÃO DE ENERGIA ELÉTRICA DE CASTRO,2025,954,3,90.86,28963,0.0031446540880503146,10.358043020405345,0.0031371059627800985,sem_cod_69_93
cooperativa,Grupo Cooperativa,codesam,COOPERATIVA DE DISTRIBUIÇÃO DE ENERGIA ELÉTRICA DE SANTA MARIA,2023,11,0,0.0,4485,0.0,0.0,0.0,sem_cod_69_93
cooperativa,Grupo Cooperativa,cersad,COOPERATIVA DE DISTRIBUIÇÃO DE ENERGIA ELÉTRICA SALTO DONNER,2023,394,0,0.0,16531,0.0,0.0,0.0,sem_cod_69_93
cooperativa,Grupo Cooperativa,cersad,COOPERATIVA DE DISTRIBUIÇÃO DE ENERGIA ELÉTRICA SALTO DONNER,2024,260,12,1240.42,16848,0.046153846153846156,71.22507122507123,0.07362416904083571,sem_cod_69_93
cooperativa,Grupo Cooperativa,cersad,COOPERATIVA DE DISTRIBUIÇÃO DE ENERGIA ELÉTRICA SALTO DONNER,2025,263,6,332.31,17261,0.022813688212927757,34.76044261630265,0.019252071143039222,sem_cod_69_93
cooperativa,Grupo Cooperativa,certhil,COOPERATIVA DE DISTRIBUIÇÃO DE ENERGIA ENTRE RIOS LTDA,2023,3436,7,0.0,103554,0.002037252619324796,6.759758193792611,0.0,sem_cod_69_93
cooperativa,Grupo Cooperativa,certhil,COOPERATIVA DE DISTRIBUIÇÃO DE ENERGIA ENTRE RIOS LTDA,2024,2259,25,1971.72,108538,0.011066843736166445,23.03340765446203,0.01816617221618235,sem_cod_69_93
cooperativa,Grupo Cooperativa,certhil,COOPERATIVA DE DISTRIBUIÇÃO DE ENERGIA ENTRE RIOS LTDA,2025,2550,20,1347.21,108405,0.00784313725490196,18.44933351782667,0.012427563304275633,sem_cod_69_93
cooperativa,Grupo Cooperativa,cerfox,COOPERATIVA DE DISTRIBUIÇÃO DE ENERGIA FONTOURA XAVIER,2023,12261,154,88.27,193631,0.012560150069325503,79.53271945091437,0.0004558670873981955,sem_cod_69_93
cooperativa,Grupo Cooperativa,cerfox,COOPERATIVA DE DISTRIBUIÇÃO DE ENERGIA FONTOURA XAVIER,2024,9948,53,3988.4499999999994,197797,0.005327704061117813,26.795148561403863,0.020164360430137966,sem_cod_69_93
cooperativa,Grupo Cooperativa,cerfox,COOPERATIVA DE DISTRIBUIÇÃO DE ENERGIA FONTOURA XAVIER,2025,11062,56,13480.23,198486,0.005062375700596637,28.213576776195804,0.06791526858317463,sem_cod_69_93
cooperativa,Grupo Cooperativa,certel_energia,COOPERATIVA DE DISTRIBUIÇÃO DE ENERGIA TEUTÔNIA,2023,48441,102,0.0,881781,0.002105654301108565,11.56749805223746,0.0,sem_cod_69_93
cooperativa,Grupo Cooperativa,certel_energia,COOPERATIVA DE DISTRIBUIÇÃO DE ENERGIA TEUTÔNIA,2024,30402,67,10150.78,899215,0.0022038023814222748,7.450943322787098,0.011288490516728481,sem_cod_69_93
cooperativa,Grupo Cooperativa,certel_energia,COOPERATIVA DE DISTRIBUIÇÃO DE ENERGIA TEUTÔNIA,2025,41373,164,155224.88,921316,0.003963937833852996,17.80062432433606,0.1684816935774479,sem_cod_69_93
cooperativa,Grupo Cooperativa,cermissoes,COOPERATIVA DE DISTRIBUIÇÃO E GERAÇÃO DE ENERGIA DAS MISSÕES,2023,29989,218,52555.5,341076,0.007269332088432425,63.91537369970329,0.15408735882911725,sem_cod_69_93
cooperativa,Grupo Cooperativa,cermissoes,COOPERATIVA DE DISTRIBUIÇÃO E GERAÇÃO DE ENERGIA DAS MISSÕES,2024,24664,177,20364.78,344440,0.007176451508271164,51.387759842062486,0.05912431773313204,sem_cod_69_93
cooperativa,Grupo Cooperativa,cermissoes,COOPERATIVA DE DISTRIBUIÇÃO E GERAÇÃO DE ENERGIA DAS MISSÕES,2025,24576,142,14232.35,348307,0.005777994791666667,40.76863226980796,0.04086151010459164,sem_cod_69_93
cooperativa,Grupo Cooperativa,cersul,COOPERATIVA DE DISTRIBUIÇÃOI DE ENERGIA,2023,6826,18,5812.81,222624,0.002636976267213595,8.085381630012938,0.026110437329308612,sem_cod_69_93
cooperativa,Grupo Cooperativa,cersul,COOPERATIVA DE DISTRIBUIÇÃOI DE ENERGIA,2024,8007,18,550.24,224524,0.0022480329711502436,8.016960324954125,0.002450695694001532,sem_cod_69_93
cooperativa,Grupo Cooperativa,cersul,COOPERATIVA DE DISTRIBUIÇÃOI DE ENERGIA,2025,9500,5,1274.67,226782,0.0005263157894736842,2.2047605189124355,0.005620684181284229,sem_cod_69_93
cooperativa,Grupo Cooperativa,cergral,COOPERATIVA DE ELETRICIDADE DE GRAVATAL,2023,3830,65,71.09,82236,0.016971279373368148,79.04080937788804,0.0008644632521037016,sem_cod_69_93
cooperativa,Grupo Cooperativa,cergral,COOPERATIVA DE ELETRICIDADE DE GRAVATAL,2024,4015,19,2964.6400000000003,84211,0.004732254047322541,22.562373086651387,0.03520490197242641,sem_cod_69_93
cooperativa,Grupo Cooperativa,cergral,COOPERATIVA DE ELETRICIDADE DE GRAVATAL,2025,5132,11,825.1399999999999,86946,0.0021434138737334374,12.651530835231062,0.009490258321256871,sem_cod_69_93
cooperativa,Grupo Cooperativa,cergapa,COOPERATIVA DE ELETRICIDADE DE GRÃO PARÁ,2023,1533,6,1.0,47709,0.003913894324853229,12.576243476073698,2.0960405793456162e-05,sem_cod_69_93
cooperativa,Grupo Cooperativa,cergapa,COOPERATIVA DE ELETRICIDADE DE GRÃO PARÁ,2024,4239,0,0.0,48230,0.0,0.0,0.0,sem_cod_69_93
cooperativa,Grupo Cooperativa,cergapa,COOPERATIVA DE ELETRICIDADE DE GRÃO PARÁ,2025,1216,0,0.0,48804,0.0,0.0,0.0,sem_cod_69_93
cooperativa,Grupo Cooperativa,cegero,COOPERATIVA DE ELETRICIDADE DE SÃO LUDGERO,2023,3205,23,0.0,82549,0.007176287051482059,27.862239397206505,0.0,sem_cod_69_93
cooperativa,Grupo Cooperativa,cegero,COOPERATIVA DE ELETRICIDADE DE SÃO LUDGERO,2024,2555,6,697.41,85454,0.0023483365949119373,7.021321412689868,0.008161232944040068,sem_cod_69_93
cooperativa,Grupo Cooperativa,cegero,COOPERATIVA DE ELETRICIDADE DE SÃO LUDGERO,2025,3664,10,126.12,88346,0.0027292576419213972,11.319131596223936,0.001427568876915763,sem_cod_69_93
cooperativa,Grupo Cooperativa,cejama,COOPERATIVA DE ELETRICIDADE JACINTO MACHADO,2023,1635,11,0.0,67130,0.00672782874617737,16.386116490391775,0.0,sem_cod_69_93
cooperativa,Grupo Cooperativa,cejama,COOPERATIVA DE ELETRICIDADE JACINTO MACHADO,2024,1506,4,624.98,69319,0.0026560424966799467,5.770423693359685,0.00901599849968984,sem_cod_69_93
cooperativa,Grupo Cooperativa,cejama,COOPERATIVA DE ELETRICIDADE JACINTO MACHADO,2025,2246,7,201.52,72398,0.003116651825467498,9.668775380535374,0.0027835023066935553,sem_cod_69_93
cooperativa,Grupo Cooperativa,ceprag,COOPERATIVA DE ELETRICIDADE PRAIA GRANDE,2023,9790,22,5143.929999999999,246352,0.0022471910112359553,8.93031109956485,0.02088040689744755,sem_cod_69_93
cooperativa,Grupo Cooperativa,ceprag,COOPERATIVA DE ELETRICIDADE PRAIA GRANDE,2024,10151,59,2793.08,261589,0.005812235247758842,22.55446521069311,0.010677360286556392,sem_cod_69_93
cooperativa,Grupo Cooperativa,ceprag,COOPERATIVA DE ELETRICIDADE PRAIA GRANDE,2025,10402,59,2698.89,280269,0.005671986156508364,21.05120437865051,0.009629641522965436,sem_cod_69_93
cooperativa,Grupo Cooperativa,celetro,COOPERATIVA DE ELETRIFICAÇÃO CENTRO JACUÍ LTDA.,2023,13241,56,744.12,287447,0.004229287818140624,19.4818523066861,0.002588720703294868,sem_cod_69_93
cooperativa,Grupo Cooperativa,celetro,COOPERATIVA DE ELETRIFICAÇÃO CENTRO JACUÍ LTDA.,2024,7846,71,1752.33,289250,0.009049197043079276,24.546240276577354,0.0060581849611063094,sem_cod_69_93
cooperativa,Grupo Cooperativa,celetro,COOPERATIVA DE ELETRIFICAÇÃO CENTRO JACUÍ LTDA.,2025,9836,9,1654.81,292157,0.0009150061000406669,3.080535465520251,0.0056641121041084075,sem_cod_69_93
cooperativa,Grupo Cooperativa,cedrap,COOPERATIVA DE ELETRIFICAÇÃO DA REGIÃO DO ALTO DA PARAÍBA,2023,3099,33,0.0,91619,0.010648596321393998,36.01872973946452,0.0,sem_cod_69_93
cooperativa,Grupo Cooperativa,cedrap,COOPERATIVA DE ELETRIFICAÇÃO DA REGIÃO DO ALTO DA PARAÍBA,2024,3510,17,3252.29,94589,0.004843304843304843,17.9724915159268,0.03438338496019622,sem_cod_69_93
cooperativa,Grupo Cooperativa,cedrap,COOPERATIVA DE ELETRIFICAÇÃO DA REGIÃO DO ALTO DA PARAÍBA,2025,3107,19,624.78,96092,0.006115223688445446,19.77271781209674,0.006501894018232527,sem_cod_69_93
cooperativa,Grupo Cooperativa,cerbranorte,COOPERATIVA DE ELETRIFICAÇÃO DE BRAÇO DO NORTE,2023,9029,21,1189.3400000000001,215380,0.002325838963340348,9.750208933048565,0.005522054044015229,sem_cod_69_93
cooperativa,Grupo Cooperativa,cerbranorte,COOPERATIVA DE ELETRIFICAÇÃO DE BRAÇO DO NORTE,2024,8467,12,2249.85,220243,0.0014172670367308374,5.448527308472913,0.010215307637473154,sem_cod_69_93
cooperativa,Grupo Cooperativa,cerbranorte,COOPERATIVA DE ELETRIFICAÇÃO DE BRAÇO DO NORTE,2025,10843,16,5275.59,223433,0.0014756063819976021,7.160983382042939,0.023611507700294944,sem_cod_69_93
cooperativa,Grupo Cooperativa,cetril,COOPERATIVA DE ELETRIFICAÇÃO DE IBIÚNA E REGIÃO,2023,17179,85,0.0,385358,0.0049479015076546945,22.057411549779687,0.0,sem_cod_69_93
cooperativa,Grupo Cooperativa,cetril,COOPERATIVA DE ELETRIFICAÇÃO DE IBIÚNA E REGIÃO,2024,19336,36,2768.16,396900,0.0018618121638394704,9.070294784580499,0.006974452003023431,sem_cod_69_93
cooperativa,Grupo Cooperativa,cetril,COOPERATIVA DE ELETRIFICAÇÃO DE IBIÚNA E REGIÃO,2025,23210,21,1679.65,409368,0.0009047824213700991,5.129858709034414,0.0041030319907760255,sem_cod_69_93
cooperativa,Grupo Cooperativa,cerpalo,COOPERATIVA DE ELETRIFICAÇÃO DE PAULO LOPES,2023,7270,10,0.0,199366,0.001375515818431912,5.015900404281572,0.0,sem_cod_69_93
cooperativa,Grupo Cooperativa,cerpalo,COOPERATIVA DE ELETRIFICAÇÃO DE PAULO LOPES,2024,7662,6,0.0,208524,0.0007830853563038371,2.8773666340565116,0.0,sem_cod_69_93
cooperativa,Grupo Cooperativa,cerpalo,COOPERATIVA DE ELETRIFICAÇÃO DE PAULO LOPES,2025,9361,11,0.0,216615,0.0011750881316098707,5.078134016573182,0.0,sem_cod_69_93
cooperativa,Grupo Cooperativa,cerim,COOPERATIVA DE ELETRIFICAÇÃO E DESENVOLVIMENTO DA REGIÃO DE ITU-MAIRINQUE,2023,10983,22,103.3,186069,0.0020030956933442595,11.823570825876423,0.000555170393778652,sem_cod_69_93
cooperativa,Grupo Cooperativa,cerim,COOPERATIVA DE ELETRIFICAÇÃO E DESENVOLVIMENTO DA REGIÃO DE ITU-MAIRINQUE,2024,10167,19,2143.51,194050,0.001868791187174191,9.79129090440608,0.01104617366658078,sem_cod_69_93
cooperativa,Grupo Cooperativa,cerim,COOPERATIVA DE ELETRIFICAÇÃO E DESENVOLVIMENTO DA REGIÃO DE ITU-MAIRINQUE,2025,11348,21,6614.75,202961,0.0018505463517800493,10.346815398032135,0.03259123674006336,sem_cod_69_93
cooperativa,Grupo Cooperativa,cermc,COOPERATIVA DE ELETRIFICAÇÃO E DESENVOLVIMENTO DA REGIÃO DE MOGI DAS CRUZES,2023,2480,50,0.0,40744,0.020161290322580645,122.71745533084625,0.0,sem_cod_69_93
cooperativa,Grupo Cooperativa,cermc,COOPERATIVA DE ELETRIFICAÇÃO E DESENVOLVIMENTO DA REGIÃO DE MOGI DAS CRUZES,2024,1801,28,0.0,42335,0.015546918378678512,66.1391283807724,0.0,sem_cod_69_93
cooperativa,Grupo Cooperativa,cermc,COOPERATIVA DE ELETRIFICAÇÃO E DESENVOLVIMENTO DA REGIÃO DE MOGI DAS CRUZES,2025,1996,19,0.0,44123,0.009519038076152305,43.06144187838542,0.0,sem_cod_69_93
cooperativa,Grupo Cooperativa,cemirim,COOPERATIVA DE ELETRIFICAÇÃO E DESENVOLVIMENTO DA REGIÃO DE MOGI MIRIM,2023,12233,112,0.0,199708,0.009155562821875256,56.08187954413443,0.0,sem_cod_69_93
cooperativa,Grupo Cooperativa,cemirim,COOPERATIVA DE ELETRIFICAÇÃO E DESENVOLVIMENTO DA REGIÃO DE MOGI MIRIM,2024,11313,24,3264.2599999999998,207314,0.0021214531954388757,11.57664219493136,0.015745487521344432,sem_cod_69_93
cooperativa,Grupo Cooperativa,cemirim,COOPERATIVA DE ELETRIFICAÇÃO E DESENVOLVIMENTO DA REGIÃO DE MOGI MIRIM,2025,11821,43,4679.97,214588,0.003637594112173251,20.038399164911365,0.021809094637165172,sem_cod_69_93
cooperativa,Grupo Cooperativa,cerrp,COOPERATIVA DE ELETRIFICAÇÃO E DESENVOLVIMENTO DA REGIÃO DE SÃO JOSÉ DO RIO PRETO,2023,1849,16,0.0,62892,0.008653326122228232,25.440437575526303,0.0,sem_cod_69_93
cooperativa,Grupo Cooperativa,cerrp,COOPERATIVA DE ELETRIFICAÇÃO E DESENVOLVIMENTO DA REGIÃO DE SÃO JOSÉ DO RIO PRETO,2024,1532,6,0.0,42519,0.0039164490861618795,14.111338460452973,0.0,sem_cod_69_93
cooperativa,Grupo Cooperativa,cerrp,COOPERATIVA DE ELETRIFICAÇÃO E DESENVOLVIMENTO DA REGIÃO DE SÃO JOSÉ DO RIO PRETO,2025,1420,1,0.0,39714,0.0007042253521126761,2.518003726645515,0.0,sem_cod_69_93
cooperativa,Grupo Cooperativa,cercos,COOPERATIVA DE ELETRIFICAÇÃO E DESENVOLVIMENTO RURAL CENTRO SUL DE SERGIPE LTDA,2023,3388,68,16964.96,87310,0.020070838252656435,77.88340396289085,0.19430718130798305,sem_cod_69_93
cooperativa,Grupo Cooperativa,cercos,COOPERATIVA DE ELETRIFICAÇÃO E DESENVOLVIMENTO RURAL CENTRO SUL DE SERGIPE LTDA,2024,3850,38,20817.6,82533,0.009870129870129871,46.042189184932084,0.2522336519937479,sem_cod_69_93
cooperativa,Grupo Cooperativa,cercos,COOPERATIVA DE ELETRIFICAÇÃO E DESENVOLVIMENTO RURAL CENTRO SUL DE SERGIPE LTDA,2025,3604,5,4179.63,84776,0.0013873473917869034,5.897895630838916,0.04930204303104652,sem_cod_69_93
cooperativa,Grupo Cooperativa,cernhe,COOPERATIVA DE ELETRIFICAÇÃO E DESENVOLVIMENTO RURAL DA REGIÃO DE NOVO HORIZONTE,2023,2561,25,0.0,56083,0.009761811792268645,44.576787974965676,0.0,sem_cod_69_93
cooperativa,Grupo Cooperativa,cernhe,COOPERATIVA DE ELETRIFICAÇÃO E DESENVOLVIMENTO RURAL DA REGIÃO DE NOVO HORIZONTE,2024,1392,23,162.41,57247,0.016522988505747127,40.17677782241864,0.0028370045591908748,sem_cod_69_93
cooperativa,Grupo Cooperativa,cernhe,COOPERATIVA DE ELETRIFICAÇÃO E DESENVOLVIMENTO RURAL DA REGIÃO DE NOVO HORIZONTE,2025,3838,3,262.29,57970,0.000781657113079729,5.175090564084871,0.004524581680179404,sem_cod_69_93
cooperativa,Grupo Cooperativa,cedri,COOPERATIVA DE ELETRIFICAÇÃO E DISTRIBUIÇÃO DA REGIÃO DE ITARIRI,2023,997,4,0.0,36331,0.004012036108324975,11.009881368528253,0.0,sem_cod_69_93
cooperativa,Grupo Cooperativa,cedri,COOPERATIVA DE ELETRIFICAÇÃO E DISTRIBUIÇÃO DA REGIÃO DE ITARIRI,2024,705,6,0.0,40554,0.00851063829787234,14.795088030773783,0.0,sem_cod_69_93
cooperativa,Grupo Cooperativa,cedri,COOPERATIVA DE ELETRIFICAÇÃO E DISTRIBUIÇÃO DA REGIÃO DE ITARIRI,2025,1044,31,5938.19,51236,0.029693486590038315,60.504332890936055,0.11589878210633148,sem_cod_69_93
cooperativa,Grupo Cooperativa,coopermila,COOPERATIVA DE ELETRIFICAÇÃO LAURO MÜLLER,2023,308,2,429.64,16421,0.006493506493506494,12.17952621643018,0.026164058218135312,sem_cod_69_93
cooperativa,Grupo Cooperativa,coopermila,COOPERATIVA DE ELETRIFICAÇÃO LAURO MÜLLER,2024,289,4,198.79,17061,0.01384083044982699,23.445284567141435,0.011651720297755113,sem_cod_69_93
cooperativa,Grupo Cooperativa,coopermila,COOPERATIVA DE ELETRIFICAÇÃO LAURO MÜLLER,2025,377,7,2605.25,17856,0.01856763925729443,39.202508960573475,0.14590333781362008,sem_cod_69_93
cooperativa,Grupo Cooperativa,cergal,COOPERATIVA DE ELETRIFICAÇÃO RURAL ANITA GARIBALDI LTDA,2023,6578,41,251.44,243916,0.006232897537245363,16.809065415962873,0.0010308466849243182,sem_cod_69_93
cooperativa,Grupo Cooperativa,cergal,COOPERATIVA DE ELETRIFICAÇÃO RURAL ANITA GARIBALDI LTDA,2024,7151,19,1587.5900000000001,247253,0.0026569710529995806,7.684436589242598,0.006420912991955609,sem_cod_69_93
cooperativa,Grupo Cooperativa,cergal,COOPERATIVA DE ELETRIFICAÇÃO RURAL ANITA GARIBALDI LTDA,2025,8215,24,4150.44,251375,0.0029214850882531953,9.547488811536548,0.01651094977623073,sem_cod_69_93
cooperativa,Grupo Cooperativa,cerci,COOPERATIVA DE ELETRIFICAÇÃO RURAL CACHOEIRAS- ITABORAÍ LTDA,2023,13790,150,311.33000000000004,214999,0.010877447425670777,69.767766361704,0.0014480532467592874,sem_cod_69_93
cooperativa,Grupo Cooperativa,cerci,COOPERATIVA DE ELETRIFICAÇÃO RURAL CACHOEIRAS- ITABORAÍ LTDA,2024,21089,443,103.1,216090,0.02100621176916876,205.00717293720209,0.00047711601647461706,sem_cod_69_93
cooperativa,Grupo Cooperativa,cerci,COOPERATIVA DE ELETRIFICAÇÃO RURAL CACHOEIRAS- ITABORAÍ LTDA,2025,15242,345,1.37,221227,0.0226348248261383,155.94841497647212,6.192734159935271e-06,sem_cod_69_93
cooperativa,Grupo Cooperativa,ceris,COOPERATIVA DE ELETRIFICAÇÃO RURAL DA REGIÃO DE ITAPECERICA DA SERRA,2023,3207,4,4.35,84136,0.0012472715933894605,4.754207473614148,5.170200627555386e-05,sem_cod_69_93
cooperativa,Grupo Cooperativa,ceris,COOPERATIVA DE ELETRIFICAÇÃO RURAL DA REGIÃO DE ITAPECERICA DA SERRA,2024,1847,4,66.98,87164,0.002165674066053059,4.589050525446285,0.0007684365104859805,sem_cod_69_93
cooperativa,Grupo Cooperativa,ceris,COOPERATIVA DE ELETRIFICAÇÃO RURAL DA REGIÃO DE ITAPECERICA DA SERRA,2025,2288,14,734.26,89940,0.006118881118881119,15.565932844118302,0.008163887035801646,sem_cod_69_93
cooperativa,Grupo Cooperativa,cerpro,COOPERATIVA DE ELETRIFICAÇÃO RURAL DA REGIÃO DE PROMISSÃO,2023,897,2,0.0,24464,0.002229654403567447,8.175277959450622,0.0,sem_cod_69_93
cooperativa,Grupo Cooperativa,cerpro,COOPERATIVA DE ELETRIFICAÇÃO RURAL DA REGIÃO DE PROMISSÃO,2024,787,3,114.35,25077,0.0038119440914866584,11.963153487259241,0.004559955337560314,sem_cod_69_93
cooperativa,Grupo Cooperativa,cerpro,COOPERATIVA DE ELETRIFICAÇÃO RURAL DA REGIÃO DE PROMISSÃO,2025,1628,2,597.1600000000001,26244,0.0012285012285012285,7.620789513793629,0.02275415333028502,sem_cod_69_93
cooperativa,Grupo Cooperativa,ceral_araruama,COOPERATIVA DE ELETRIFICAÇÃO RURAL DE ARARUAMA,2023,5587,13,0.0,89778,0.0023268301413996778,14.480162177816391,0.0,sem_cod_69_93
cooperativa,Grupo Cooperativa,ceral_araruama,COOPERATIVA DE ELETRIFICAÇÃO RURAL DE ARARUAMA,2024,3869,9,3154.5899999999997,93108,0.0023261824760920135,9.666194097177472,0.03388097693001675,sem_cod_69_93
cooperativa,Grupo Cooperativa,ceral_araruama,COOPERATIVA DE ELETRIFICAÇÃO RURAL DE ARARUAMA,2025,4787,13,571.8399999999999,97198,0.0027156883225402132,13.374760797547273,0.005883248626514948,sem_cod_69_93
cooperativa,Grupo Cooperativa,ceripa,COOPERATIVA DE ELETRIFICAÇÃO RURAL DE ITAÍ-PARANAPANEMA-AVARÉ,2023,2959,4,0.0,89441,0.0013518080432578573,4.472221911651256,0.0,sem_cod_69_93
cooperativa,Grupo Cooperativa,ceripa,COOPERATIVA DE ELETRIFICAÇÃO RURAL DE ITAÍ-PARANAPANEMA-AVARÉ,2024,3976,2,0.0,94384,0.0005030181086519115,2.1190032208848955,0.0,sem_cod_69_93
cooperativa,Grupo Cooperativa,ceripa,COOPERATIVA DE ELETRIFICAÇÃO RURAL DE ITAÍ-PARANAPANEMA-AVARÉ,2025,4522,3,0.0,75708,0.0006634232640424591,3.962593120938342,0.0,sem_cod_69_93
cooperativa,Grupo Cooperativa,ceres,COOPERATIVA DE ELETRIFICAÇÃO RURAL DE RESENDE LTDA.,2023,2381,99,595.0500000000001,69735,0.041579168416631666,141.9660141966014,0.008533017853301786,sem_cod_69_93
cooperativa,Grupo Cooperativa,ceres,COOPERATIVA DE ELETRIFICAÇÃO RURAL DE RESENDE LTDA.,2024,7097,68,0.0,71930,0.009581513315485417,94.53635478937856,0.0,sem_cod_69_93
cooperativa,Grupo Cooperativa,ceres,COOPERATIVA DE ELETRIFICAÇÃO RURAL DE RESENDE LTDA.,2025,4302,53,278.57,73725,0.012319851231985124,71.88877585622245,0.0037785011868429973,sem_cod_69_93
cooperativa,Grupo Cooperativa,certrel,COOPERATIVA DE ENERGIA TREVISO,2023,1672,17,0.0,55976,0.010167464114832535,30.370158639416893,0.0,sem_cod_69_93
cooperativa,Grupo Cooperativa,certrel,COOPERATIVA DE ENERGIA TREVISO,2024,1604,26,2197.77,57574,0.016209476309226933,45.159273283079166,0.038172960016674196,sem_cod_69_93
cooperativa,Grupo Cooperativa,certrel,COOPERATIVA DE ENERGIA TREVISO,2025,1895,26,2420.34,59305,0.013720316622691292,43.84116010454431,0.040811735941320294,sem_cod_69_93
cooperativa,Grupo Cooperativa,cervam,COOPERATIVA DE ENERGIZAÇÃO E DE DESENVOLVIMENTO DO VALE DO MOGI,2023,1827,15,0.0,55940,0.008210180623973728,26.814444047193422,0.0,sem_cod_69_93
cooperativa,Grupo Cooperativa,cervam,COOPERATIVA DE ENERGIZAÇÃO E DE DESENVOLVIMENTO DO VALE DO MOGI,2024,1875,14,250.14,58172,0.007466666666666667,24.066561232207935,0.004300006876160352,sem_cod_69_93
cooperativa,Grupo Cooperativa,cervam,COOPERATIVA DE ENERGIZAÇÃO E DE DESENVOLVIMENTO DO VALE DO MOGI,2025,2321,9,0.0,58385,0.003877638948728996,15.414918215295025,0.0,sem_cod_69_93
cooperativa,Grupo Cooperativa,cerej,COOPERATIVA DE PRESTAÇÃO DE SERVIÇOS PÚBLICOS DE DISTRIBUIÇÃO DE ENERGIA ELÉTRICA SENADOR ESTEVES JÚNIOR,2023,8462,123,0.0,185554,0.01453557078704798,66.28798085732454,0.0,sem_cod_69_93
cooperativa,Grupo Cooperativa,cerej,COOPERATIVA DE PRESTAÇÃO DE SERVIÇOS PÚBLICOS DE DISTRIBUIÇÃO DE ENERGIA ELÉTRICA SENADOR ESTEVES JÚNIOR,2024,5236,45,12534.93,192593,0.008594346829640947,23.365335188714024,0.06508507578157047,sem_cod_69_93
cooperativa,Grupo Cooperativa,cerej,COOPERATIVA DE PRESTAÇÃO DE SERVIÇOS PÚBLICOS DE DISTRIBUIÇÃO DE ENERGIA ELÉTRICA SENADOR ESTEVES JÚNIOR,2025,5466,70,7032.2,183950,0.012806439809732895,38.053818972546885,0.038228866539820605,sem_cod_69_93
cooperativa,Grupo Cooperativa,cooperluz,COOPERATIVA DISTRIBUIDORA DE ENERGIA FRONTEIRA NOROESTE,2023,4260,3,0.0,204106,0.0007042253521126761,1.4698245029543473,0.0,sem_cod_69_93
cooperativa,Grupo Cooperativa,cooperluz,COOPERATIVA DISTRIBUIDORA DE ENERGIA FRONTEIRA NOROESTE,2024,3544,6,371.49,207509,0.001693002257336343,2.8914408531678144,0.0017902356042388524,sem_cod_69_93
cooperativa,Grupo Cooperativa,cooperluz,COOPERATIVA DISTRIBUIDORA DE ENERGIA FRONTEIRA NOROESTE,2025,4741,5,809.98,210890,0.001054629824931449,2.3709042628858645,0.0038407700697045853,sem_cod_69_93
cooperativa,Grupo Cooperativa,ceraca,COOPERATIVA DISTRIBUIDORA DE ENERGIA VALE DO ARAÇÁ,2023,3403,80,314.91999999999996,152587,0.023508668821627974,52.42910601820601,0.002063871758406679,sem_cod_69_93
cooperativa,Grupo Cooperativa,ceraca,COOPERATIVA DISTRIBUIDORA DE ENERGIA VALE DO ARAÇÁ,2024,3836,35,11028.779999999999,155995,0.009124087591240875,22.43661655822302,0.07069957370428538,sem_cod_69_93
cooperativa,Grupo Cooperativa,ceraca,COOPERATIVA DISTRIBUIDORA DE ENERGIA VALE DO ARAÇÁ,2025,3498,47,6633.79,166365,0.013436249285305889,28.251134553541913,0.03987491359360442,sem_cod_69_93
cooperativa,Grupo Cooperativa,coopercocal,COOPERATIVA ENERGÉTICA COCAL,2023,9017,3,0.0,140897,0.0003327048907618942,2.1292149584448214,0.0,sem_cod_69_93
cooperativa,Grupo Cooperativa,coopercocal,COOPERATIVA ENERGÉTICA COCAL,2024,4837,0,0.0,143859,0.0,0.0,0.0,sem_cod_69_93
cooperativa,Grupo Cooperativa,coopercocal,COOPERATIVA ENERGÉTICA COCAL,2025,5522,3,1234.07,146233,0.0005432814197754436,2.051520518624387,0.008439066421395991,sem_cod_69_93
cooperativa,Grupo Cooperativa,cermoful,COOPERATIVA FUMACENSE DE ELETRICIDADE,2023,5760,54,1457.5700000000002,193334,0.009375,27.930938169178727,0.007539129175416637,sem_cod_69_93
cooperativa,Grupo Cooperativa,cermoful,COOPERATIVA FUMACENSE DE ELETRICIDADE,2024,6024,88,40854.01,198063,0.014608233731739707,44.430307528412676,0.2062677531896417,sem_cod_69_93
cooperativa,Grupo Cooperativa,cermoful,COOPERATIVA FUMACENSE DE ELETRICIDADE,2025,8945,28,1021.98,184887,0.0031302403577417553,15.144385489515217,0.005527592529490986,sem_cod_69_93
cooperativa,Grupo Cooperativa,coopera,COOPERATIVA PIONEIRA DE ELETRIFICAÇÃO,2023,12084,68,7941.54,325956,0.005627275736511089,20.86171139663022,0.02436384051835217,sem_cod_69_93
cooperativa,Grupo Cooperativa,coopera,COOPERATIVA PIONEIRA DE ELETRIFICAÇÃO,2024,11698,190,37422.67999999999,334303,0.01624209266541289,56.834667950930736,0.11194239955968087,sem_cod_69_93
cooperativa,Grupo Cooperativa,coopera,COOPERATIVA PIONEIRA DE ELETRIFICAÇÃO,2025,17280,40,2293.98,342767,0.0023148148148148147,11.669734834450225,0.006692534578883032,sem_cod_69_93
cooperativa,Grupo Cooperativa,coopernorte,COOPERATIVA REGIONAL DE DISTRIBUIÇÃO DE ENERGIA DO LITORAL NORTE,2023,5575,53,3302.48,83715,0.009506726457399103,63.310040016723406,0.03944908319894881,sem_cod_69_93
cooperativa,Grupo Cooperativa,coopernorte,COOPERATIVA REGIONAL DE DISTRIBUIÇÃO DE ENERGIA DO LITORAL NORTE,2024,3633,43,15396.51,85512,0.011835948252133223,50.285340069230045,0.18005087005332585,sem_cod_69_93
cooperativa,Grupo Cooperativa,coopernorte,COOPERATIVA REGIONAL DE DISTRIBUIÇÃO DE ENERGIA DO LITORAL NORTE,2025,5006,31,3881.06,87242,0.006192568917299241,35.533344031544445,0.0444861419958277,sem_cod_69_93
cooperativa,Grupo Cooperativa,creral,COOPERATIVA REGIONAL DE ELETRIFICAÇÃO RURAL DO ALTO URUGUAI,2023,1953,47,858.63,95732,0.024065540194572452,49.095391300714496,0.008969101240964358,sem_cod_69_93
cooperativa,Grupo Cooperativa,creral,COOPERATIVA REGIONAL DE ELETRIFICAÇÃO RURAL DO ALTO URUGUAI,2024,1469,22,2085.4900000000002,96425,0.014976174268209666,22.815659839253307,0.021628104744620173,sem_cod_69_93
cooperativa,Grupo Cooperativa,creral,COOPERATIVA REGIONAL DE ELETRIFICAÇÃO RURAL DO ALTO URUGUAI,2025,2550,104,9024.57,97540,0.0407843137254902,106.62292392864465,0.09252173467295469,sem_cod_69_93
cooperativa,Grupo Cooperativa,coopersul,COOPERATIVA REGIONAL DE ELETRIFICAÇÃO RURAL FRONTEIRA SUL LTDA,2023,5749,141,57633.490000000005,68650,0.024526004522525655,205.38965768390386,0.839526438455936,sem_cod_69_93
cooperativa,Grupo Cooperativa,coopersul,COOPERATIVA REGIONAL DE ELETRIFICAÇÃO RURAL FRONTEIRA SUL LTDA,2024,2395,62,7714.950000000001,71921,0.025887265135699375,86.20569791854952,0.1072697821220506,sem_cod_69_93
cooperativa,Grupo Cooperativa,coopersul,COOPERATIVA REGIONAL DE ELETRIFICAÇÃO RURAL FRONTEIRA SUL LTDA,2025,1190,169,369.73,26752,0.14201680672268907,631.7284688995215,0.013820648923444976,sem_cod_69_93
cooperativa,Grupo Cooperativa,ceriluz,COOPERATIVA REGIONAL DE ENERGIA E DESENVOLVIMENTO IJUÍ LTDA,2023,5490,6,340.69,179421,0.001092896174863388,3.3440901566706236,0.0018988301257935247,sem_cod_69_93
cooperativa,Grupo Cooperativa,ceriluz,COOPERATIVA REGIONAL DE ENERGIA E DESENVOLVIMENTO IJUÍ LTDA,2024,3985,14,4604.74,181084,0.0035131744040150566,7.731218660952928,0.025428751297740273,sem_cod_69_93
cooperativa,Grupo Cooperativa,ceriluz,COOPERATIVA REGIONAL DE ENERGIA E DESENVOLVIMENTO IJUÍ LTDA,2025,5148,7,296.46,188457,0.0013597513597513598,3.714375162503913,0.0015730909438227286,sem_cod_69_93
cooperativa,Grupo Cooperativa,certaja_energia,COOPERATIVA REGIONAL DE ENERGIA TAQUARI JACUÍ,2023,13304,35,0.0,316205,0.002630787733012628,11.068768678547144,0.0,sem_cod_69_93
cooperativa,Grupo Cooperativa,certaja_energia,COOPERATIVA REGIONAL DE ENERGIA TAQUARI JACUÍ,2024,10828,108,9420.78,293925,0.009974141115626155,36.7440673641235,0.03205164582801735,sem_cod_69_93
cooperativa,Grupo Cooperativa,certaja_energia,COOPERATIVA REGIONAL DE ENERGIA TAQUARI JACUÍ,2025,17343,43,2441.8199999999997,243207,0.0024793864959926195,17.680412159189498,0.010040089306640021,sem_cod_69_93
cooperativa,Grupo Cooperativa,coorsel,COOPERATIVA REGIONAL SUL DE ELETRIFICAÇÃO RURAL,2023,2320,9,0.0,112027,0.003879310344827586,8.033777571478304,0.0,sem_cod_69_93
cooperativa,Grupo Cooperativa,coorsel,COOPERATIVA REGIONAL SUL DE ELETRIFICAÇÃO RURAL,2024,1742,18,596.24,113841,0.010332950631458095,15.811526602893508,0.005237480345394015,sem_cod_69_93
cooperativa,Grupo Cooperativa,coorsel,COOPERATIVA REGIONAL SUL DE ELETRIFICAÇÃO RURAL,2025,1773,5,469.19,116310,0.0028200789622109417,4.2988565041698905,0.004033960966382942,sem_cod_69_93
cooperzem,Grupo Cooperzem,cooperzem,COOPERZEM COOPERATIVA DE DISTRIBUIÇÃO DE ENERGIA ELÉTRICA,2023,3659,0,0.0,104735,0.0,0.0,0.0,sem_cod_69_93
cooperzem,Grupo Cooperzem,cooperzem,COOPERZEM COOPERATIVA DE DISTRIBUIÇÃO DE ENERGIA ELÉTRICA,2024,3553,1,0.0,109034,0.00028145229383619476,0.9171451106994148,0.0,sem_cod_69_93
cooperzem,Grupo Cooperzem,cooperzem,COOPERZEM COOPERATIVA DE DISTRIBUIÇÃO DE ENERGIA ELÉTRICA,2025,4770,1,0.0,88065,0.00020964360587002095,1.135524896383353,0.0,sem_cod_69_93
copel,Grupo Copel,copel_dis,COPEL DISTRIBUIÇÃO S.A.,2023,1861913,9979,1462014.9934,62052315,0.005359541503818922,16.081591798791067,0.023561006441097324,sem_cod_69_93
copel,Grupo Copel,copel_dis,COPEL DISTRIBUIÇÃO S.A.,2024,2108303,7515,2653253.8065,63185670,0.0035644781608715637,11.893519527449817,0.041991385174834736,sem_cod_69_93
copel,Grupo Copel,copel_dis,COPEL DISTRIBUIÇÃO S.A.,2025,2179225,9793,2267489.3293,64318959,0.004493799401163258,15.225681746497171,0.035253825070458614,sem_cod_69_93
coprel,Grupo Coprel,coprel,COPREL COOPERATIVA DE ENERGIA,2023,19255,123,50905.75,594377,0.006387951181511296,20.693936676553772,0.08564555829044529,sem_cod_69_93
coprel,Grupo Coprel,coprel,COPREL COOPERATIVA DE ENERGIA,2024,17165,171,25747.6,708332,0.009962132245849112,24.14122191288831,0.036349621363993154,sem_cod_69_93
coprel,Grupo Coprel,coprel,COPREL COOPERATIVA DE ENERGIA,2025,13852,1170,27364.58,658139,0.08446433727981519,177.77399607073886,0.041578724251259996,sem_cod_69_93
departamento,Grupo Departamento,demei,DEPARTAMENTO MUNICIPAL DE ENERGIA DE IJUÍ,2023,17986,222,3144.78,433548,0.012342933392638719,51.205402861966846,0.007253591297849374,sem_cod_69_93
departamento,Grupo Departamento,demei,DEPARTAMENTO MUNICIPAL DE ENERGIA DE IJUÍ,2024,14522,109,14273.43,437353,0.007505853188266079,24.922659727954304,0.0326359485358509,sem_cod_69_93
departamento,Grupo Departamento,demei,DEPARTAMENTO MUNICIPAL DE ENERGIA DE IJUÍ,2025,17514,57,6909.65,448596,0.0032545392257622473,12.706310354974187,0.015402834621797786,sem_cod_69_93
distribuidora,Grupo Distribuidora,dcelt,DISTRIBUIDORA CATARINENSE DE ENERGIA ELÉTRICA S/A.,2023,19165,1480,15000.630000000001,491513,0.07722410644403861,301.1110591174598,0.030519294504926627,sem_cod_69_93
distribuidora,Grupo Distribuidora,dcelt,DISTRIBUIDORA CATARINENSE DE ENERGIA ELÉTRICA S/A.,2024,17385,1044,39908.97,502939,0.06005176876617774,207.57984566716837,0.0793515118135599,sem_cod_69_93
distribuidora,Grupo Distribuidora,dcelt,DISTRIBUIDORA CATARINENSE DE ENERGIA ELÉTRICA S/A.,2025,15428,1477,41850.42,466533,0.09573502722323049,316.5906806163766,0.08970516555098995,sem_cod_69_93
dme,Grupo DME,dmed,DME DISTRIBUIÇÃO S.A.,2023,50370,557,74211.81,1044566,0.011058169545364304,53.32358127681736,0.07104559214065938,sem_cod_69_93
dme,Grupo DME,dmed,DME DISTRIBUIÇÃO S.A.,2024,46087,276,91379.95,1080133,0.005988673595590947,25.552408823728186,0.08460064640187828,sem_cod_69_93
dme,Grupo DME,dmed,DME DISTRIBUIÇÃO S.A.,2025,50705,4218,136297.47,999893,0.08318706241987969,421.84513742970495,0.13631205538992672,sem_cod_69_93
edp,Grupo EDP,edp_es,EDP ESPÍRITO SANTO DISTRIBUIÇÃO DE ENERGIA S.A.,2023,207000,3926,1746817.8,21371211,0.01896618357487923,18.370507876226576,0.08173695912693014,sem_cod_69_93
edp,Grupo EDP,edp_es,EDP ESPÍRITO SANTO DISTRIBUIÇÃO DE ENERGIA S.A.,2024,2005794,15291,7991322.49,21759639,0.0076234149668410614,70.27230552859815,0.3672543689718382,sem_cod_69_93
edp,Grupo EDP,edp_es,EDP ESPÍRITO SANTO DISTRIBUIÇÃO DE ENERGIA S.A.,2025,2405987,8509,6733385.86,22175247,0.0035365943373758878,38.371613177521766,0.3036442326888174,sem_cod_69_93
edp,Grupo EDP,edp_sp,EDP SÃO PAULO DISTRIBUIÇÃO DE ENERGIA S.A.,2023,281718,3826,1587118.22,26827758,0.013580956843368191,14.261348264733863,0.059159554816321215,sem_cod_69_93
edp,Grupo EDP,edp_sp,EDP SÃO PAULO DISTRIBUIÇÃO DE ENERGIA S.A.,2024,2754589,12871,7018185.93,27333359,0.004672566397382695,47.08898017254301,0.25676265877164967,sem_cod_69_93
edp,Grupo EDP,edp_sp,EDP SÃO PAULO DISTRIBUIÇÃO DE ENERGIA S.A.,2025,3176352,15263,7323892.8566,27717944,0.004805197912573922,55.06541177801643,0.26422929697094416,sem_cod_69_93
elektro,Grupo Elektro,neoenergia_elektro,ELEKTRO REDES S.A.,2023,973239,2598,1361347.65,35426729,0.002669436798155438,7.333445884885393,0.038427133648155885,sem_cod_69_93
elektro,Grupo Elektro,neoenergia_elektro,ELEKTRO REDES S.A.,2024,1212036,1695,350467.92,36086467,0.001398473312673881,4.697051667596055,0.009711893380972983,sem_cod_69_93
elektro,Grupo Elektro,neoenergia_elektro,ELEKTRO REDES S.A.,2025,1349642,610,462343.16000000003,36737771,0.0004519717080529503,1.660416468925129,0.012584954051785016,sem_cod_69_93
eletropaulo,Grupo Eletropaulo,enel_sp,ELETROPAULO METROPOLITANA ELETRICIDADE DE SÃO PAULO S.A.,2023,2147428,23161,11340248.57,99534079,0.010785460560260926,23.269417100850454,0.11393332498711321,sem_cod_69_93
eletropaulo,Grupo Eletropaulo,enel_sp,ELETROPAULO METROPOLITANA ELETRICIDADE DE SÃO PAULO S.A.,2024,2461175,12406,15894041.78,101542485,0.005040681788170284,12.217546182762812,0.15652602730768309,sem_cod_69_93
eletropaulo,Grupo Eletropaulo,enel_sp,ELETROPAULO METROPOLITANA ELETRICIDADE DE SÃO PAULO S.A.,2025,2613469,26554,7864561.0198,103295686,0.010160441926037768,25.706785082970452,0.07613639372896948,sem_cod_69_93
empresa,Grupo Empresa,eflul,EMPRESA FORÇA E LUZ DE URUSSANGA LTDA.,2023,1682,35,86.49000000000001,90086,0.020808561236623068,38.8517638700797,0.000960082587749484,sem_cod_69_93
empresa,Grupo Empresa,eflul,EMPRESA FORÇA E LUZ DE URUSSANGA LTDA.,2024,3586,106,17.55,91532,0.029559397657557166,115.80649390377135,0.00019173622339728184,sem_cod_69_93
empresa,Grupo Empresa,eflul,EMPRESA FORÇA E LUZ DE URUSSANGA LTDA.,2025,5304,91,41.46,92553,0.01715686274509804,98.3220425053753,0.0004479595475025121,sem_cod_69_93
empresa,Grupo Empresa,joao_cesa,EMPRESA FORÇA E LUZ JOÃO CESA LTDA.,2023,2461,13,72.2,48466,0.005282405526208858,26.822927413031813,0.0014897041224776132,sem_cod_69_93
empresa,Grupo Empresa,joao_cesa,EMPRESA FORÇA E LUZ JOÃO CESA LTDA.,2024,2407,8,34.47,48424,0.0033236393851267137,16.520733520568314,0.0007118371055674871,sem_cod_69_93
empresa,Grupo Empresa,joao_cesa,EMPRESA FORÇA E LUZ JOÃO CESA LTDA.,2025,2159,6,77.21000000000001,48772,0.002779064381658175,12.302140572459608,0.0015830804559993441,sem_cod_69_93
empresa,Grupo Empresa,santa_maria,EMPRESA LUZ E FORÇA SANTA MARIA S.A.,2023,50670,253,89574.26,1650189,0.00499309255970002,15.331577170857397,0.054281212636855536,sem_cod_69_93
empresa,Grupo Empresa,santa_maria,EMPRESA LUZ E FORÇA SANTA MARIA S.A.,2024,54044,384,141437.13999999998,1680559,0.007105321589815705,22.849539944744578,0.08416077031511537,sem_cod_69_93
empresa,Grupo Empresa,santa_maria,EMPRESA LUZ E FORÇA SANTA MARIA S.A.,2025,65714,57,7844.3099999999995,1711726,0.0008673950756307636,3.3299722034951853,0.004582690220280582,sem_cod_69_93
energisa,Grupo Energisa,energisa_ac,ENERGISA ACRE - DISTRIBUIDORA DE ENERGIA S.A.,2023,267872,4454,1619321.04,3469442,0.016627344403297096,128.37799277232477,0.46673817864659506,sem_cod_69_93
energisa,Grupo Energisa,energisa_ac,ENERGISA ACRE - DISTRIBUIDORA DE ENERGIA S.A.,2024,287072,4255,934101.6000000001,3266897,0.014822065544532382,130.24591837453093,0.2859293084538631,sem_cod_69_93
energisa,Grupo Energisa,energisa_ac,ENERGISA ACRE - DISTRIBUIDORA DE ENERGIA S.A.,2025,333995,6106,1379102.72,4611069,0.01828171080405395,132.42048644251474,0.2990852489954065,sem_cod_69_93
energisa,Grupo Energisa,energisa_mt,ENERGISA MATO GROSSO DISTRIBUIDORA DE ENERGIA S.A.,2023,1563618,20555,8057600.1,19254943,0.013145793921533264,106.75180913285489,0.41846917438291037,sem_cod_69_93
energisa,Grupo Energisa,energisa_mt,ENERGISA MATO GROSSO DISTRIBUIDORA DE ENERGIA S.A.,2024,2286863,15084,8097572.35,19713721,0.006595935130351053,76.51523525163007,0.41075818968930317,sem_cod_69_93
energisa,Grupo Energisa,energisa_mt,ENERGISA MATO GROSSO DISTRIBUIDORA DE ENERGIA S.A.,2025,2558239,12869,5495082.27,22983443,0.005030413499286033,55.99248119613758,0.2390887331371544,sem_cod_69_93
energisa,Grupo Energisa,energisa_ms,ENERGISA MATO GROSSO DO SUL DISTRIBUIDORA DE ENERGIA S.A.,2023,1351568,5781,2902443.42,13329996,0.004277254270595338,43.36835509928135,0.21773775626039196,sem_cod_69_93
energisa,Grupo Energisa,energisa_ms,ENERGISA MATO GROSSO DO SUL DISTRIBUIDORA DE ENERGIA S.A.,2024,1545948,3867,2071716.33,13573392,0.00250137779537216,28.48956252055492,0.15263070056475198,sem_cod_69_93
energisa,Grupo Energisa,energisa_ms,ENERGISA MATO GROSSO DO SUL DISTRIBUIDORA DE ENERGIA S.A.,2025,1763572,12170,3422349.0700000003,18158055,0.006900767306353242,67.02259685852917,0.18847553165798872,sem_cod_69_93
energisa,Grupo Energisa,energisa_minas_rio,ENERGISA MINAS RIO - DISTRIBUIDORA DE ENERGIA S.A.,2023,399684,2189,420907.77,7153002,0.005476826693087539,30.602535830410783,0.05884351353459708,sem_cod_69_93
energisa,Grupo Energisa,energisa_minas_rio,ENERGISA MINAS RIO - DISTRIBUIDORA DE ENERGIA S.A.,2024,518369,1210,314516.46852754,7229182,0.0023342445246532875,16.73771666005919,0.043506508554846175,sem_cod_69_93
energisa,Grupo Energisa,energisa_minas_rio,ENERGISA MINAS RIO - DISTRIBUIDORA DE ENERGIA S.A.,2025,551106,5524,1139346.61,7716702,0.010023480056468265,71.58498539920294,0.14764683280499882,sem_cod_69_93
energisa,Grupo Energisa,energisa_pb,ENERGISA PARAÍBA DISTRIBUIDORA DE ENERGIA S.A.,2023,1078044,15575,2017316.34,21501801,0.01444746225571498,72.43579270406232,0.0938208078476775,sem_cod_69_93
energisa,Grupo Energisa,energisa_pb,ENERGISA PARAÍBA DISTRIBUIDORA DE ENERGIA S.A.,2024,1260359,20445,3447344.14,22020146,0.016221568616560836,92.84679583868335,0.15655410005001785,sem_cod_69_93
energisa,Grupo Energisa,energisa_pb,ENERGISA PARAÍBA DISTRIBUIDORA DE ENERGIA S.A.,2025,1336514,14861,3212409.5300000003,23958783,0.011119225088551262,62.027357566534164,0.1340806638634358,sem_cod_69_93
energisa,Grupo Energisa,energisa_ro,ENERGISA RONDÔNIA DISTRIBUIDORA DE ENERGIA S.A.,2023,720581,7272,1630694.75,8280268,0.010091856432517648,87.823244368419,0.1969374360829867,sem_cod_69_93
energisa,Grupo Energisa,energisa_ro,ENERGISA RONDÔNIA DISTRIBUIDORA DE ENERGIA S.A.,2024,961911,13418,7029149.63,8429036,0.013949315477211508,159.1878359518218,0.8339209406627281,sem_cod_69_93
energisa,Grupo Energisa,energisa_ro,ENERGISA RONDÔNIA DISTRIBUIDORA DE ENERGIA S.A.,2025,1070171,7498,4910632.22,12758792,0.007006356928004964,58.767319037727084,0.3848822223922139,sem_cod_69_93
energisa,Grupo Energisa,energisa_se,ENERGISA SERGIPE DISTRIBUIDORA DE ENERGIA S.A.,2023,480218,5431,997580.75,10247065,0.01130944695950589,53.00054210644707,0.09735282737056904,sem_cod_69_93
energisa,Grupo Energisa,energisa_se,ENERGISA SERGIPE DISTRIBUIDORA DE ENERGIA S.A.,2024,602672,3616,559663.73,10498924,0.005999946903124751,34.44162468458673,0.053306770293793916,sem_cod_69_93
energisa,Grupo Energisa,energisa_se,ENERGISA SERGIPE DISTRIBUIDORA DE ENERGIA S.A.,2025,597799,2107,577520.34,11333060,0.0035245960598796586,18.59162485683478,0.05095890606773457,sem_cod_69_93
energisa,Grupo Energisa,energisa_sul_sudeste,ENERGISA SUL-SUDESTE DISTRIBUIDORA DE ENERGIA S.A.,2023,626721,4835,947675.44,10304019,0.007714756646099301,46.92343832052329,0.09197143755266755,sem_cod_69_93
energisa,Grupo Energisa,energisa_sul_sudeste,ENERGISA SUL-SUDESTE DISTRIBUIDORA DE ENERGIA S.A.,2024,725868,2296,1098048.6700000002,10471090,0.0031631095460882695,21.92703911436154,0.10486479153555171,sem_cod_69_93
energisa,Grupo Energisa,energisa_sul_sudeste,ENERGISA SUL-SUDESTE DISTRIBUIDORA DE ENERGIA S.A.,2025,776460,3496,1028000.309686,12699916,0.004502485639955697,27.52774112836652,0.08094544166166139,sem_cod_69_93
energisa,Grupo Energisa,energisa_to,ENERGISA TOCANTINS DISTRIBUIDORA DE ENERGIA S.A.,2023,669533,3298,886854.78,7850135,0.0049258214307584544,42.01201635385888,0.11297318835918109,sem_cod_69_93
energisa,Grupo Energisa,energisa_to,ENERGISA TOCANTINS DISTRIBUIDORA DE ENERGIA S.A.,2024,744633,3800,939567.39,8029308,0.005103185058948502,47.32661893154429,0.11701723112377804,sem_cod_69_93
energisa,Grupo Energisa,energisa_to,ENERGISA TOCANTINS DISTRIBUIDORA DE ENERGIA S.A.,2025,835754,4753,1020132.87,10284309,0.005687080169523568,46.21603648820742,0.09919313684565487,sem_cod_69_93
equatorial,Grupo Equatorial,equatorial_al,EQUATORIAL ALAGOAS DISTRIBUIDORA DE ENERGIA S.A.,2023,442908,8234,3830627.21,16084369,0.01859076828596458,51.192558439811975,0.23815837662018324,sem_cod_69_93
equatorial,Grupo Equatorial,equatorial_al,EQUATORIAL ALAGOAS DISTRIBUIDORA DE ENERGIA S.A.,2024,505495,4502,2289270.1,16539542,0.008906121722272228,27.219617084922906,0.13841194030644863,sem_cod_69_93
equatorial,Grupo Equatorial,equatorial_al,EQUATORIAL ALAGOAS DISTRIBUIDORA DE ENERGIA S.A.,2025,522566,3053,1691217.9100000001,16935181,0.005842324223160328,18.027560496696196,0.09986417682810714,sem_cod_69_93
equatorial,Grupo Equatorial,enel_go,EQUATORIAL GOIÁS DISTRIBUIDORA DE ENERGIA S.A.,2023,1500162,18590,20898489.43476762,40952832,0.012391994997873563,45.39368608256445,0.5103063308239005,sem_cod_69_93
equatorial,Grupo Equatorial,enel_go,EQUATORIAL GOIÁS DISTRIBUIDORA DE ENERGIA S.A.,2024,1512980,15574,9431776.52,41755475,0.010293592777168237,37.298102823641685,0.22588119330459058,sem_cod_69_93
equatorial,Grupo Equatorial,enel_go,EQUATORIAL GOIÁS DISTRIBUIDORA DE ENERGIA S.A.,2025,1652674,20077,7994294.3,42519162,0.012148191355342917,47.21871047223367,0.18801627134608156,sem_cod_69_93
equatorial,Grupo Equatorial,equatorial_ma,EQUATORIAL MARANHÃO DISTRIBUIDORA DE ENERGIA S.A.,2023,752864,7216,6945541.57,32837745,0.009584732435074595,21.974712331799882,0.21151091739094752,sem_cod_69_93
equatorial,Grupo Equatorial,equatorial_ma,EQUATORIAL MARANHÃO DISTRIBUIDORA DE ENERGIA S.A.,2024,836514,7664,6001919.4399999995,33547981,0.009161831122969848,22.844891917638797,0.1789055335401555,sem_cod_69_93
equatorial,Grupo Equatorial,equatorial_ma,EQUATORIAL MARANHÃO DISTRIBUIDORA DE ENERGIA S.A.,2025,886564,7627,5458216.7700000005,34240102,0.008602875821711688,22.275050465679104,0.1594100616289052,sem_cod_69_93
equatorial,Grupo Equatorial,equatorial_pa,EQUATORIAL PARÁ DISTRIBUIDORA DE ENERGIA S.A.,2023,1442299,7739,9053869.23,35794814,0.005365739004187065,21.620450381443526,0.25293801582542097,sem_cod_69_93
equatorial,Grupo Equatorial,equatorial_pa,EQUATORIAL PARÁ DISTRIBUIDORA DE ENERGIA S.A.,2024,1517900,6976,6646160.75,36709738,0.004595823176757362,19.003132084462166,0.18104625944211314,sem_cod_69_93
equatorial,Grupo Equatorial,equatorial_pa,EQUATORIAL PARÁ DISTRIBUIDORA DE ENERGIA S.A.,2025,1539190,2969,5935923.7700000005,34417693,0.0019289366484969367,8.626377136898745,0.17246721824150155,sem_cod_69_93
equatorial,Grupo Equatorial,equatorial_pi,EQUATORIAL PIAUÍ DISTRIBUIDORA DE ENERGIA S.A.,2023,401818,11598,8900482.6,17821217,0.02886381396552668,65.07973052569866,0.49943180648100516,sem_cod_69_93
equatorial,Grupo Equatorial,equatorial_pi,EQUATORIAL PIAUÍ DISTRIBUIDORA DE ENERGIA S.A.,2024,476601,11259,5451514.04,18268633,0.023623534151208242,61.63022706734544,0.29840842716584215,sem_cod_69_93
equatorial,Grupo Equatorial,equatorial_pi,EQUATORIAL PIAUÍ DISTRIBUIDORA DE ENERGIA S.A.,2025,542737,6331,2786099.25,18729996,0.01166495005868404,33.80139536602143,0.148750659103184,sem_cod_69_93
forca,Grupo Forca,forcel,FORÇA E LUZ CORONEL VIVIDA LTDA,2023,5720,177,0.0,103282,0.030944055944055943,171.37545748533142,0.0,sem_cod_69_93
forca,Grupo Forca,forcel,FORÇA E LUZ CORONEL VIVIDA LTDA,2024,3880,50,1893.24,105209,0.01288659793814433,47.52445133020939,0.017995038447281127,sem_cod_69_93
forca,Grupo Forca,forcel,FORÇA E LUZ CORONEL VIVIDA LTDA,2025,3968,64,686.35,107406,0.016129032258064516,59.58698769156285,0.006390238906578776,sem_cod_69_93
hidropan,Grupo Hidropan,hidropan,HIDROPAN DISTRIBUIÇÃO DE ENERGIA S.A.,2023,7837,22,229.26,239787,0.0028071966313640423,9.174809309929229,0.0009560985374519886,sem_cod_69_93
hidropan,Grupo Hidropan,hidropan,HIDROPAN DISTRIBUIÇÃO DE ENERGIA S.A.,2024,7125,6,0.0,242931,0.0008421052631578948,2.4698371142423157,0.0,sem_cod_69_93
hidropan,Grupo Hidropan,hidropan,HIDROPAN DISTRIBUIÇÃO DE ENERGIA S.A.,2025,8333,9,1377.08,225096,0.001080043201728069,3.9982940612005544,0.006117745317553399,sem_cod_69_93
light,Grupo Light,light,LIGHT SERVIÇOS DE ELETRICIDADE S.A.,2023,7585247,6208,2863759.5,55464060,0.0008184308302682826,11.192833701679971,0.051632705936060216,sem_cod_69_93
light,Grupo Light,light,LIGHT SERVIÇOS DE ELETRICIDADE S.A.,2024,6352587,1693,8389915.07787,55422100,0.0002665055984278531,3.054738091844228,0.151382121534009,sem_cod_69_93
light,Grupo Light,light,LIGHT SERVIÇOS DE ELETRICIDADE S.A.,2025,5941518,2291,4542426.8810020005,56108510,0.00038559169559025154,4.083159577753891,0.08095789535316479,sem_cod_69_93
muxfeldt,Grupo Muxfeldt,mux_energia,"MUXFELDT, MARIN & CIA LTDA",2023,5289,6,0.0,152739,0.0011344299489506524,3.9282697935694224,0.0,sem_cod_69_93
muxfeldt,Grupo Muxfeldt,mux_energia,"MUXFELDT, MARIN & CIA LTDA",2024,4559,3,523.98,155282,0.0006580390436499232,1.9319689339395423,0.0033743769400188047,sem_cod_69_93
muxfeldt,Grupo Muxfeldt,mux_energia,"MUXFELDT, MARIN & CIA LTDA",2025,4731,4,1030.6100000000001,157789,0.0008454872120059184,2.5350309590655877,0.0065315706418064634,sem_cod_69_93
neoenergia,Grupo Neoenergia,neoenergia_brasilia,NEOENERGIA DISTRIBUIÇÃO BRASÍLIA S.A.,2023,326610,3034,2777969.71,14121840,0.009289366522764153,21.4844524509554,0.19671443027254237,sem_cod_69_93
neoenergia,Grupo Neoenergia,neoenergia_brasilia,NEOENERGIA DISTRIBUIÇÃO BRASÍLIA S.A.,2024,350908,4084,6817583.02,14230530,0.011638378150398395,28.69886082949827,0.4790814551531109,sem_cod_69_93
neoenergia,Grupo Neoenergia,neoenergia_brasilia,NEOENERGIA DISTRIBUIÇÃO BRASÍLIA S.A.,2025,492134,3035,4272767.3,14552444,0.006167019551585544,20.85560336119486,0.2936116641300939,sem_cod_69_93
nova,Grupo NOVA,nova_palma,NOVA PALMA ENERGIA LTDA.,2023,9083,36,0.0,206842,0.003963448199933942,17.404589009968962,0.0,sem_cod_69_93
nova,Grupo NOVA,nova_palma,NOVA PALMA ENERGIA LTDA.,2024,6573,32,4248.08,209135,0.00486840103453522,15.301121285294188,0.020312621034260167,sem_cod_69_93
nova,Grupo NOVA,nova_palma,NOVA PALMA ENERGIA LTDA.,2025,9638,26,634.41,191472,0.0026976551151691223,13.579008941255118,0.003313330408623715,sem_cod_69_93
rge,Grupo RGE,rge,RGE SUL DISTRIBUIDORA DE ENERGIA S.A.,2023,1837843,2217,1652299.2352,37039089,0.0012063054352303216,5.985568381554957,0.0446096078442966,sem_cod_69_93
rge,Grupo RGE,rge,RGE SUL DISTRIBUIDORA DE ENERGIA S.A.,2024,2926446,7300,3827325.8429,37417713,0.002494493320566995,19.509476701582482,0.10228647172797546,sem_cod_69_93
rge,Grupo RGE,rge,RGE SUL DISTRIBUIDORA DE ENERGIA S.A.,2025,3759784,3561,2613479.6466,37889306,0.0009471288776163737,9.398430258923192,0.06897670932795655,sem_cod_69_93
roraima,Grupo Roraima,roraima_energia,RORAIMA ENERGIA S.A.,2023,116080,924,332361.17000000004,2564010,0.007960027567195037,36.037300946564166,0.12962553578184174,sem_cod_69_93
roraima,Grupo Roraima,roraima_energia,RORAIMA ENERGIA S.A.,2024,132268,1346,630941.32,2647975,0.010176308706565457,50.83129561268517,0.23827314079626882,sem_cod_69_93
roraima,Grupo Roraima,roraima_energia,RORAIMA ENERGIA S.A.,2025,119360,792,367913.61000000004,2719247,0.006635388739946381,29.125710169028412,0.13529981277905245,sem_cod_69_93
